org_ID,location_address1,location_city,location_state,location_zip
2829,695 Park Avenue,Cranston,RI,2910
2928,370 George Washington Highway,Smithfield,RI,2917
2607,333 Ocean Rd,Narragansett,RI,2882
3232,324 East Main Road,Portsmouth,RI,2871
3363,95 Sagamore Road,seekonk,MA,2771
139,9 Old County Road,Barrington,RI,2806
126,303 Sowams Road,Barrington,RI,2806
129,50 Middle Highway,Barrington,RI,2806
124,63 Federal Road,Barrington,RI,2806
170,113 Church Street             ,Pascoag,RI,2859
2487,180 Oaklawn Avenue,Cranston,RI,2920
408,88 Crompton Road              ,East Greenwich,RI,2818
408,88 Crompton Road              ,East Greenwich,RI,2818
399,3116 South County Trail       ,East Greenwich,RI,2818
473,100 Grove Avenue,East Providence,RI,2914
452,660 Waterman Avenue,East Providence,RI,2914
455,45 Maxfield Avenue,East Providence,RI,2914
462,215 Ferris Avenue,East Providence,RI,2916
462,215 Ferris Avenue,East Providence,RI,2916
1618,1150 Boston Neck Road,Narragansett,RI,2882
509,63 Harmony Hill Road,Chepachet,RI,2814
509,63 Harmony Hill Road,Chepachet,RI,2814
552,2119 Hartford Avenue,Johnston,RI,2919
626,143 Peckham Lane              ,Middletown,RI,2842
617,372 Purgatory Road,Middletown,RI,2842
1525,635 Ocean Road,Narragansett,RI,2882
1525,635 Ocean Road,Narragansett,RI,2882
686,180 Rhode Island Avenue,Newport,RI,2840
742,1239 Tower Hill Road,North Kingstown,RI,2852
745,475 School Street,North Kingstown,RI,2852
840,514 Smithfield Avenue,Pawtucket,RI,2860
848,215 Washington St,West Warwick,RI,2893
848,215 Washington St,West Warwick,RI,2893
879,285 Cory's Lane,Portsmouth,RI,2871
887,110 Sandy Point Road,Portsmouth,RI,2871
1009,135 Prairie Avenue,Providence,RI,2907
1033,85 Taft Avenue,Providence,RI,2906
998,301 Butler Avenue,Providence,RI,2906
900,1000 Eddy Street,Providence,RI,2905
900,1000 Eddy Street,Providence,RI,2905
1061,518 Lloyd Avenue,Providence,RI,2906
999,250 Lloyd Avenue,Providence,RI,2906
1071,1246 Chalkstone Avenue,Providence,RI,2908
1066,260 Highland Avenue,Providence,RI,2906
1066,260 Highland Avenue,Providence,RI,2906
1002,450 Elmgrove Avenue,Providence,RI,2906
1039,64 Applegate Lane,Providence,RI,2905
1063,525 Branch Avenue,Providence,RI,2904
1044,220 University Avenue,Providence,RI,2906
1072,582 Elmwood Avenue,Providence,RI,2907
1067,75 John Street,Providence,RI,2906
2431,1000 Eddy Street,Providence,RI,2905
1007,216 Hope Street,Providence,RI,2906
1617,300 Kingstown Road,Richmond,RI,2892
1338,60 Austin Avenue,Greenville,RI,2828
1163,22 Cedar Swamp Road,Smithfield,RI,2917
1161,170 Pleasant View Avenue,Smithfield,RI,2917
1352,75 Prospect Street,Warwick,RI,2886
1326,358 Forge Road                ,Warwick,RI,2818
1331,189 Tollgate Road,Warwick,RI,2886
1315,530 Ives Road,East Greenwich,RI,2818
1340,935 Jefferson Boulevard,Warwick,RI,2886
1365,1100 Tollgate Road,Warwick,RI,2886
1438,840 Providence Street,West Warwick,RI,2893
1437,222 Washington Street,West Warwick,RI,2893
1497,141 Main Street,Woonsocket,RI,2895
1497,141 Main Street,Woonsocket,RI,2895
